url,title,description,keywords,contact_info,summary
http://4victorias.setmore.com,Booking Page Not Found | Setmore,Check the URL and try again.,,00000000,
http://az-property-plus.com/,,,,00000000,
http://cholesterolhht.abrightsmile.website,abrightsmile.website,,,00000000,
http://davisproductsco.com/,Janitorial Supplies & Equipment | Davis Products,Davis Products stocks about 1500 building maintenance items including full line janitorial supplies|| paper & disposables|| equipment|| & fire & safety products.,,(985) 892-5013,"Janitorial Supplies  Equipment  Davis Products. Davis Products Company stocks more than 1500 building maintenance items including a full line janitorial supplies, paper and disposables, equipment, and fire and safety products."
http://digitizerzone.com,All GTCO/CalComp Digitizers - FREE SHIPPING,Providing GTCO Calcomp digitizers and graphics tablets|| parts and accessories.,gtco|| gtco digitizers|| gtco board|| digitizer board|| digitizing|| graphics tablet|| 3d digitizer|| accutab|| accutab board|| accutab vi|| accutab 6|| drawingboard|| calcomp drawingboard|| drawingboard 6|| drawingboard VI|| drawing board|| 34180|| summa graphics|| cadpro|| super l|| gtco super l|| super l vi|| super l 6|| freepoint|| gp9|| digitizer stand|| quikruler 3|| quik ruler|| quikruler|| quickruler|| quick ruler|| summagrid|| summasketch|| digitizer base|| gtco rollup|| rollup|| roll up|| roll up digitizer,00000000,All GTCOCalComp Digitizers  FREE SHIPPING.
http://eatatruperts.com/,Rupert's Restaurants,,,00000000,"Scratch cooking, premium ingredients, stellar service, friendly atmosphere and comfortable environment come together to create a popular destination to gather for breakfast, brunch and lunch. We opened our Sloanâs Lake location in Edgewater, Denver in 2014 and are excited to be opening a second location in Durango, CO in Summer 2022."
http://eliaslandscapingservices.com,Prominent Landscaping Contractor in Aurora|| CO 80013,Elias Landscaping Services LLC is a professional landscaping contractor in Aurora|| CO|| 80013 that can assist you with your needs!,,Phone: (720) 237-9920,"I specialize in landscaping, meaning I can convert open spaces into elegant and colorful gardens that contribute to the appeal of residential and commercial properties. Instead of spending hours collecting and removing fallen leaves, spend your time with your family while I handle your front and back yards cleaning."
http://freeshed.design,Shed Builders can Choose from 12K Shed Plans and Woodworking Pattern,Some of the plans include a Garden bench|| How to Build a Fence|| Dog Kennel|| Making an Easy Arbor|| Swing Pet|| Nursery and a lot more.,,00000000,Shed Builders can Choose from 12K Shed Plans and Woodworking Pattern. Free Shed Plans Design the writer of the book has given detailed blueprints and step by step instructions that even a beginner can follow.
http://heartburnhomeremedies.net,Heartburn Home Remedies – Do Natural Heartburn Treatments,,,00000000,"â Aside from the bad foods listed above, nearly all fruits and vegetables help reduce stomach acid. â Many nuts and seeds provide fiber and nutrients and may help absorb stomach acid."
http://hulahoopheads.com,"Hula Hoop Heads - One Stop Hula Hoop Shop
 – hulahoopheads","A large selection of Smart Hoops|| LED Hoops|| and Beginner Hoops. We have hula hoops for all ages and all skill levels. We offer every size hula hoop and a large variety of different materials including polypro|| HDPE|| and PE in 5/8""|| 3/4"" and 7/8"". Our hoops are handmade|| custom and made to order with LOVE!",,00000000,Hula Hoop Heads  One Stop Hula Hoop Shop  hulahoopheads. Choosing a selection results in a full page refresh
http://jesewing.com/,HOME | JE Sewing,Sewing contractor services|| automated pattern sewing,,00000000,"Use tab to navigate through the menu items. If you need complete turn key product, or just a single sewing operation, we are happy to partner with you."
http://kungpaobistro.com,Home | Kung Pao Bistro - West Hollywood,,,00000000,"We will be open 430pm  1000pm on July 4th, 2022 to observe Independence Day. Please place your DELIVERY orders on our website and they will be delivered through our thirdparty partner."
http://ldtowingcollisionllc.com/,L&D Towing & Collision - Auto Body Shop in Memphis,,,00000000,Tire fell off a 18 wheeler and hit My Mercedes.Front bumper and hood was replaced threw my insurance. Chris fixed my existing bumper in 2 days and returned my car to me.
http://mscoffee.co/,Main Street Coffee Co,,,00000000,Main Street Coffee Co. Nested in the heart of Poplarville. Main Street Coffee Co has a passion for serving our community the freshest coffee in town Our coffee has been carefully selected and roasted by a local roaster in New Orleans.
http://woodworkingusa.co,DIY Woodworking Plans,,adirondack woodworking plans|| advanced woodworking plans|| american woodworking plans|| antique woodworking plans|| baby crib woodworking plans|| bar woodworking plans|| bed woodworking plans|| beginner woodworking plans|| beginners woodworking plans|| beginning woodworking plans|| bench woodworking plans|| best woodworking plans|| birdhouse woodworking plans|| bookcase woodworking plans|| bookshelf woodworking plans|| buffet woodworking plans|| buy woodworking plans|| cabinet woodworking plans|| cad woodworking plans|| cedar woodworking plans|| chair woodworking plans|| chaise lounge woodworking plans|| chest woodworking plans|| children's woodworking plans|| coffee table woodworking plans|| contemporary woodworking plans|| cool woodworking plans|| country woodworking plans|| cradle woodworking plans|| crib woodworking plans|| cupboard woodworking plans|| curio cabinet woodworking plans|| custom woodworking plans|| desk woodworking plans|| diy woodworking plans|| do it yourself woodworking plans|| dollhouse woodworking plans|| door woodworking plans|| download woodworking plans|| downloadable woodworking plans|| draw woodworking plans|| dresser woodworking plans|| easel woodworking plans|| easy woodworking plans|| free woodwork plans|| free woodworking plan|| free woodworking plans|| futon woodworking plans|| glider rocker woodworking plans|| holiday woodworking plans|| humidor woodworking plans|| hutch woodworking plans|| japanese woodworking plans|| kids woodworking plans|| lamp woodworking plans|| lectern woodworking plans|| lighthouse woodworking plans|| mailbox woodworking plans|| master woodworking plans|| mirror woodworking plans|| modern woodworking plans|| nutcracker woodworking plans|| outdoor woodworking plans|| picnic table woodworking plans|| plans for woodworking|| plans woodwork|| podium woodworking plans|| printable woodworking plans|| rocking chair woodworking plans|| rocking horse woodworking plans|| rustic woodworking plans|| shaker woodworking plans|| shelf woodworking plans|| shutter woodworking plans|| sideboard woodworking plans|| simple woodworking plans|| small woodworking plans|| stool woodworking plans|| toy woodworking plans|| toybox woodworking plans|| unique woodworking plans|| valet woodworking plans|| vintage woodworking plans|| windmill woodworking plans|| woodsmith woodworking plans|| woodwork plan|| woodworker plan|| woodworker plans|| woodworkers plan|| woodworkers plans|| woodworking building plans|| woodworking craft plans|| woodworking design plans|| woodworking furniture plans|| woodworking plan|| woodworking plans|| woodworking plans baby|| woodworking plans benches|| woodworking plans book|| woodworking plans boxes|| woodworking plans cabinets|| woodworking plans catalog|| woodworking plans cd|| woodworking plans children|| woodworking plans clocks|| woodworking plans dog|| woodworking plans dvd|| woodworking plans for kids|| woodworking plans games|| woodworking plans garden|| woodworking plans glider|| woodworking plans golf|| woodworking plans guitar|| woodworking plans kitchen|| woodworking plans magazine|| woodworking plans mail|| woodworking plans online|| woodworking plans patterns|| woodworking plans pdf|| woodworking plans plans|| woodworking plans planter|| woodworking plans projects|| woodworking plans router|| woodworking plans shelves|| woodworking plans sofa|| woodworking plans software|| woodworking plans storage|| woodworking plans table|| woodworking plans tables|| woodworking plans toys|| woodworking plans trash|| woodworking plans tv|| woodworking plans tv stand|| woodworking plans wishing well|| woodworking plans workbench|| woodworking project plans|| woodworking shop plans|| woodworking tool plans|| woodworking work bench plans|| workshop woodworking plans|| advanced woodworking projects|| beginner woodwork projects|| beginner woodworking project|| beginner woodworking projects|| beginners woodworking projects|| beginning woodworking projects|| best woodworking projects|| cedar woodworking projects|| cheap woodworking projects|| children woodworking projects|| children's woodworking projects|| childrens woodworking projects|| cool woodworking projects|| custom woodworking projects|| diy woodwork projects|| diy woodworking projects|| do it yourself woodworking projects|| easy woodwork projects|| easy woodworking project|| easy woodworking project plans|| easy woodworking projects|| fine woodworking project|| fine woodworking projects|| first woodworking project|| free easy woodworking projects|| free online woodworking projects|| free plans for woodworking projects|| free simple woodworking projects|| free small woodworking projects|| free woodwork project|| free woodwork projects|| free woodworking project|| free woodworking project plans|| free woodworking projects|| free woodworking projects and|| free woodworking projects and plans|| free woodworking projects for beginners|| fun woodworking projects|| furniture woodworking projects|| garden woodworking projects|| good woodworking projects|| great woodworking projects|| high school woodworking project|| holiday woodworking projects|| home woodworking projects|| how to woodworking projects|| intermediate woodworking projects|| japanese woodworking projects|| kid woodworking projects|| kid's woodworking projects|| kids woodworking project|| kids woodworking project kits|| kids woodworking projects|| kids woodworking projects free|| lathe woodworking projects|| lees woodworking projects|| middle school woodworking projects|| modern woodworking projects|| money making woodworking projects|| my woodworking projects|| online woodworking projects|| outdoor woodworking projects|| plans for woodworking projects|| popular woodworking projects|| profitable woodworking projects|| projects for woodworkers|| projects for woodworking|| quick and easy woodworking projects|| quick woodworking projects|| rustic woodworking projects|| school woodworking project|| school woodworking projects|| scout woodworking projects|| selling woodworking projects|| simple woodwork projects|| simple woodworking project|| simple woodworking projects|| simple woodworking projects for kids|| simple woodworking projects kids|| small easy woodworking projects|| small woodwork projects|| small woodworking project|| small woodworking project plans|| small woodworking projects|| small woodworking projects for kids|| small woodworking projects free plans|| step by step woodworking projects|| student woodworking projects|| unique woodworking projects|| vintage woodworking projects|| weekend woodworking projects|| wood for woodworking projects|| woodwork project|| woodwork project plans|| woodwork projects|| woodworker project|| woodworker projects|| woodworkers project|| woodworkers projects|| woodworking clock projects|| woodworking craft projects|| woodworking gift projects|| woodworking project|| woodworking project book|| woodworking project books|| woodworking project design|| woodworking project for kids|| woodworking project ideas|| woodworking project kits|| woodworking project patterns|| woodworking project plan|| woodworking project software|| woodworking projects|| woodworking projects and plans|| woodworking projects bed|| woodworking projects bench|| woodworking projects book|| woodworking projects desk|| woodworking projects for beginners|| woodworking projects for boys|| woodworking projects for children|| woodworking projects for everyone|| woodworking projects for free|| woodworking projects for kids|| woodworking projects for teens|| woodworking projects for the home|| woodworking projects for women|| woodworking projects free plans|| woodworking projects from|| woodworking projects gifts|| woodworking projects ideas|| woodworking projects plans|| woodworking projects table|| woodworking projects to make|| woodworking projects to sell|| woodworking router projects|| woodworking shop projects|| woodworking toy projects|| your woodworking projects|| 2 x 4 furniture plans|| 2x4 furniture plans|| 4 furniture plans|| american furniture plans|| and furniture plans|| anne furniture plans|| aquarium furniture plans|| armoire furniture plans|| asian furniture plans|| baby furniture plans|| barbie furniture plans|| barrel furniture plans|| beginner furniture plans|| build furniture plans|| build it yourself furniture plans|| build your own furniture plans|| building furniture plans|| cabinet furniture plans|| camp furniture plans|| campaign furniture plans|| child furniture plans|| children furniture plans|| children's furniture plans|| cnc furniture plans|| colonial furniture plans|| country furniture plans|| crib furniture plans|| desk furniture plans|| diy furniture plans|| diy outdoor furniture plans|| do it yourself furniture plans|| dog furniture plans|| doll house furniture plans|| dollhouse furniture plans|| door furniture plans|| down furniture plans|| downloadable furniture plans|| draw furniture plans|| drawing furniture plans|| dresser furniture plans|| easy furniture plans|| federal furniture plans|| free furniture plans|| free outdoor furniture plans|| free woodworking furniture plans|| furniture business plans|| furniture designs plans|| furniture dolly plans|| furniture layaway plans|| furniture making plans|| furniture payment plans|| furniture plans|| furniture plans book|| furniture plans coffee table|| furniture plans corner|| furniture plans for a|| furniture plans in|| furniture plans online|| furniture plans pdf|| furniture plans software|| furniture plans to|| furniture plans with|| furniture project plans|| furniture protection plans|| furniture with payment plans|| furniture woodworking plans|| garden furniture plans|| green and green furniture plans|| home furniture plans|| house furniture plans|| hutch furniture plans|| indoor furniture plans|| it yourself furniture plans|| japanese furniture plans|| kids furniture plans|| log furniture plans|| lounge furniture plans|| medieval furniture plans|| mexican furniture plans|| outdoor furniture building plans|| outdoor furniture plans|| outdoor furniture woodworking plans|| outside furniture plans|| pallet furniture plans|| payment plans for furniture|| period furniture plans|| pipe furniture plans|| plans for building furniture|| plans for furniture|| plans for outdoor furniture|| plans for pvc furniture|| plans for wood furniture|| plans for woodwork|| plans to build furniture|| plans to build outdoor furniture|| playhouse furniture plans|| plywood furniture plans|| pvc furniture plans|| recording studio furniture plans|| redwood furniture plans|| rustic furniture plans|| rustic wood furniture plans|| shaker furniture plans|| shaker style furniture plans|| sideboard furniture plans|| simple furniture plans|| simple wood furniture plans|| simple woodwork plans|| small furniture plans|| southwest furniture plans|| stickley furniture plans|| storage furniture plans|| studio furniture plans|| table furniture plans|| tv furniture plans|| wood furniture plans|| wood outdoor furniture plans|| wood working furniture plans|| wooden furniture plans|| wooden outdoor furniture plans|| woodwork bench plans|| woodwork plans|| woodwork shop plans|| woodworking plans baby furniture|| woodworking plans for furniture|| woodworking plans for outdoor furniture|| working furniture plans|| wright furniture plans|| x 4 furniture plans|| yard furniture plans|| yourself furniture plans||woodworking,00000000,"Easy To Do Building Your Own Pergola This is a structure that will still get you wet in rain, exposed to wind and direct sunlight. Nowadays, the Westport plank chair has evolved into Adirondack chair."
http://www.bollenbachroofingco.com,Bollenbach Roofing Co.,Check out this GoDaddy hosted webpage! http://bollenbachroofingco.com.,,00000000,"Bollenbach Roofing Co. Bollenbach Roofing Co. Quality Doesnt Cost, It Pays. When you call Bollenbach you get Bollenbach for all your roofing needs."
http://www.decksbygent.com,Gent construction - Home,CUSTOM DECKS AT FAIR PRICES||porch roofs||pool decks,decks||deckbuilder||composite decking||deck contractor||best deck builder||wood deck builder,00000000,"According to a recent report, a typical American homeowner who adds a deck to their home could recoup 75150 percent of the total cost if the house is sold within a year of the decks construction. We have seen some great value increases on high end custom decks, easily in the 120150 percent range."
http://www.dulans-sfk.com/,About - Inglewood|| CA - Dulan's Soul Food Kitchen,Call Dulan's Soul Food Kitchen at (310) 671-3345 for all of your southern style food needs. We are located in Inglewood|| CA.,Fried chicken|| baked chicken|| southern style|| dinner|| baked fish|| meatloaf|| ox tails|| dessert|| Inglewood|| CA|| Dulan's Soul Food Kitchen,323-418-8527,"About  Inglewood, CA  Dulans Soul Food Kitchen. Dulans is the best soul food this side of the Mississippi hands down...The food is amazing, everything cooked well, seasoned through and through, portions are generous, the selection is great."
http://www.fuzzy-lint.myshopify.com,Create an Ecommerce Website and Sell Online! Ecommerce Software by Shopify,Shopify provides a reliable Ecommerce platform so you focus on selling online! Integrated hosting|| shopping cart and Ecommerce payment solution all in one!,,00000000,"Create an Ecommerce Website and Sell Online Ecommerce Software by Shopify. click Connect existing domain, and enter."
http://www.geminiplasticsinc.com/,Plastic Manufacturer | Gemini Plastics|| Inc. | De Pere|| WI,Gemini Plastics|| Inc. is an industrial plastic component manufacturer supplying the OEM marketplace. What can Gemini Plastics|| Inc. do for you?,,00000000,"Plastic Manufacturer  Gemini Plastics, Inc.  De Pere, WI. Founded in 1974, Gemini Plastics, Inc. began with a customer focus that remains the market leader."
http://www.kayacommunications.net/,Kaya Communications,,cle elum computer repair||cle elum computer||ellensburg computer repair||ellensburg computer||computer repair||computer consultant||cle elum computer consultant||network||central washington computer repair||yakima computer repair||yakima computer||kittitas county computer||technology||cle elum technology||cle elum security camera,00000000,Hawaii Islands premier source of Technology and Computer Specialists. Our team members are Microsoft Certified Systems Engineers MCSE with a strong commitment to quality and a wealth of experience to bring you the very best in technology and security solutions.
http://www.kingsbuffet.com,kingsbuffet.com,Forsale Lander,,00000000,"One of our domain experts will have a price to you within 24 business hours. By submitting and clicking Get Price, you agree to our."
http://www.mybob.net,Accutron Repair,,,00000000,"Only Recommended Accutron Repair Site, Accutron Spaceview Repair, Accutron Service, Accutrons for Sale, Accutron Astronaut, Vintage Accutrons. Accutron Repair, Recommended, Spaceview Repair, Accutron Astronaut Repair, Accutron Ser."
http://www.northseattlepainters.com,North Seattle Painters | Residential Exteriors,Offering long lasting Exterior Painting and related repairs for the North Seattle area,u district|| greenwood|| queen anne|| bothell|| edmonds|| lynnwood|| everett,00000000,"North Seattle Painters  Residential Exteriors. Northgate, Greenwood and areas of the Eastside  We paint any size Structure from single family houses up to Mid Rise buildings, generally to six stories."
http://www.onceuponastorybookstudio.com/,Once Upon a StoryBook Studio,,,00000000,The days of being invited into the fairytale stories of our children is dwindling. Join our Magical Scroll Newsletter and be first in all the land to know about our special events and fairytale portrait adventures.
http://www.orlandparkcounselors.com,Orland Park CounselorsOrland Park Counselors,"Orland Park Counselors providing counseling services to couples adults 
teens and kids Orland Park Illinois counselors counsel kids couples marital 
marriage counseling Pet Grief art therapy and depression anxiety OCD 
bipolar disorder encourage wellness relaxation well being psychotherapy 
relaxation massage therapy",,00000000,"Some people seek counseling because they have experienced a stressful or traumatic life event, and speaking with a counselor helps them process the situation. These new experiences can often bring difficult decisions with them, and counselors can give unbiased input to help people make the best choices."
http://www.plumbingtheriteway.com,,,,00000000,For full functionality of this site it is necessary to enable JavaScript. instructions how to enable JavaScript in your web browser
http://www.renowncargotrailers.com,Enclosed Cargo Trailers | Cargo Trailers | Top Enclosed Trailers Company,,,(888) 287-3954,Enclosed Cargo Trailers  Cargo Trailers  Top Enclosed Trailers Company. Update Some trailers may have longer build times because of a shortage of aluminum in our industry.
http://www.shapingconcepts.com,Personal Trainer Charleston|| SC | Shaping Concepts,Professional top-rated personal trainers! Discover why over 3||000 Charleston|| SC area residents have chosen Shaping Concepts for private personal training since 2004.,,Phone : 843-971-8665,With our unique TEAM TRAINING system we can also simply provide MORE availability for scheduling workouts than our competitors due to having both a primary and secondary coach which ultimately helps our clients stay more consistent with making it to the gym and therefore seeing better results. The personal trainers here are wonderful and they do a good job of targeting the areas you want to work on.The exercise routines and Shanes diet strategies provide a great combination of working hard and eating right that can change your life forever.
http://www.texasstrengthsystems.com/,Texas Strength Systems,Texas Strength Systems,,00000000,Starting Strength Power Rack original depth. We manufacture and distribute strength and conditioning equipment for home and commercial gyms across the nation.
http://www.tlcwildlifemanagement.com,Humane Wildlife Removal | TLC Wildlife Management | Columbus,TLC Wildlife Management serves residential|| commercial|| and municipal clients in humane wildlife management in the Columbus and surrounding areas. With over 25 years of experience|| we are quick to problem-solve based on animalsâ behavior|| biology and seasonality. We offer efficient|| cost-effective solutions to keep wildlife wild and your property protected.,,00000000,"Humane Wildlife Removal  TLC Wildlife Management  Columbus. For over 20 years, Adam has been studying the behavior and biology of our local wildlife and creating specialized methods for intervening when wildlife and humans mix."
http://zjunited.com/,Iron oxide pigment|| Iron oxide red (yellow||black||orange||brown)|| Compound ferric green - Toda United Industrial,Toda United Industrial (Zhejiang) Co.|| Ltd. is a leading iron oxide pigment manufacturer in China||Our iron oxide pigments range:Iron oxide red ||Iron oxide yellow||Iron Oxide black||Iron oxide orange||Iron oxide brown||Compound ferric green etc.,Iron oxide pigment ||Iron oxide ||Iron oxide red ||Iron oxide yellow||Iron Oxide black||Iron oxide orange||Iron oxide brown||Compound ferric green,00000000,"Iron oxide pigment, Iron oxide red yellow,black,orange,brown, Compound ferric green  Toda United Industrial. A new iron oxide with a complex monoclinic structure."
https://3fb82a0eyhjcsc29mjga4q1m3r.hop.clickbank.net/,Unauthorized Affiliate - error page,,,00000000,This site is no longer in service or has been disabled due to a terms of service violation. Copyright  Click Sales Inc.  1444 S. Entertainment Ave  Suite 410  Boise ID 83709
https://DenversHomeTeam.com,Denver Metro Real Estate - Homes for Sale in Denver Metro,Search homes for sale in Denver Metro. Listings include large photos|| virtual tours|| Google Maps & Street View|| local school info and more.,,00000000,"Denver Metro Real Estate  Homes for Sale in Denver Metro. Create your custom home search, or start with one of the following."
https://LiquidComputerz.com,LiquidComputerz – Your Local Tech Support Company,Why Go Liquid? Our mission is to alleviate the stress|| headache|| grief|| and aggravation that comes along with any internet connected device. Let us be your first call for any I.T. problem. Services Offered â¢ Computer Diagnostics|| Repair|| Refurbishing & Building â¢ Tutoring || Classes & Training â¢ Printer Setup and Troubleshooting â¢ Network Troubleshooting…,,00000000,"LiquidComputerz  Your Local Tech Support Company. Our mission is to alleviate the stress, headache, grief, and aggravation that comes along with any internet connected device. ."
https://Soteriahomecareco.com,In-Home Care Specialists – Professional Services Website,,,00000000,InHome Care Specialists  Professional Services Website. Our Client Care Specialists work closely with you to identify and understand your goals and transform them into an actionable plan of care.
https://WICKEDPIECES.COM,wickedpieces,wickedpieces,,00000000,Choosing a selection results in a full page refresh
https://Www.craftmarkID.com,Craftmark Pipe Makers – Craftmark Pipe Markers,Since its inception in 1959|| Craftmark has developed into a global leader in pipe marker products. From development to testing and in-house manufacturing|| Craftmark assured its products meet or exceed industry standards and our customer expectations.,,00000000,Craftmark Pipe Makers  Craftmark Pipe Markers. Around the globe there are various Pipe Marking specifications that are all focused on the same end result Safety.
https://accurateautomotivecarellc.com,Auto Repair Shop & Auto Service Wisconsin Rapids|| WI - Accurate Automotive Care LLC,Accurate Automotive Care LLC offers auto repair shop services to Wisconsin Rapids|| WI that you can count on! From brakes & tires|| to engines & transmissions make sure you call us at (715) 421-2270!,,00000000,"Auto Repair Shop  Auto Service Wisconsin Rapids, WI  Accurate Automotive Care LLC. Its great having a mechanic you can trust, and I always trust Accurate with my auto repairs."
https://acsoncall.com,Abundant Computer Services - Computer Repair Jacksonville FL,We have been serving the Jacksonville area since 2006 with 1000's of happy clients. Call or Text 904-274-0155 for service today. Quick turn around services!,computer repair jacksonville florida||computer repair near me||pc repair jacksonville florida||pc repair near me||computer technician,00000000,Abundant Computer Services  Computer Repair Jacksonville FL. We have been serving clients like you in the Jacksonville area since 2006.
https://airtest1.com,AIR - Air quality testing|| laboratory|| and services.,Source emission testing|| laboratory services|| and permitting assistance. Stack testing focused on our clients.,,00000000,"AIR  Air quality testing, laboratory, and services. From former directors of state regulatory agencies to Fortune 50 environmental department leaders, AIR has the experience and knowledge to assist in any air compliance needs."
https://aleesasoaps.com/collections/natural-soap,"Natural Soap
 – Aleesa Bath and Body",Quality|| homemade soaps|| lotions and beauty products. Our products use the highest quality oils and fragrances. We also have a huge selection of gift items. From candles and handbags|| to jewelry and kids gift items,,00000000,"Taxes and shipping calculated at checkout. Share contact information, store details, and brand content with your customers."
https://allprotreeandcranenc.com/,All Pro Tree and Crane|| Inc. | Excellence in Tree Service,We are Western North Carolina's choice in professional tree service. All Pro is here for it all|| from complex tree removals to annual tree trimming needs.,,00000000,"All Pro Tree and Crane, Inc.  Excellence in Tree Service. was very helpful to my daughters, in retrieving a very scared cat out of the tree."
https://amplesell.shop,Buy Best Sellers online,Great selection of Best Sellers at affordable prices! Fast US shipping. 100% money back guarantee. Friendly customer service.,Gadgets|| Electronics|| Home Products|| Kitchen Products|| Kids Products|| Baby Products|| Pets Supplies|| Toys|| Games Accessories,00000000,Multifunctional Car Seat Organizer Set Left  Right. You Are My Sunshine Sunflower Pendant Necklace.
https://atpsports.co,TrubliFit - Everything you need for your Peloton Bike,Upgrade your Peloton bike with custom accessories from TrubliFit. Find your true ability with everything you need to improve your Peloton Bike|| Peloton Bike+ or Tread. Designed by Peloton Addicts for Peloton Addicts.,,00000000,A mechanical engineering couple on a mission to give you the best Peloton ride possible. We pride ourselves on the quality of all of our products and want to make sure you are 100 happy with your purchase.
https://batteriesbymbs.com,Fast Car Battery Replacement | Mobile Battery Solutions,mobile battery solutions We come to you with mobile car battery delivery and installation|| wherever you are! We can replace your car battery on site with same day service – in as little as one hour!Â  3 Year Nationwide Warranty Get A Quote Now Proud Partners of: We come to you with same day service … Home Read More Â»,,00000000,"Fast Car Battery Replacement  Mobile Battery Solutions. ÂPlease check back, we are continually adding new coverage areas."
https://beatphysicaltherapy.com,Physical Therapy Services in Columbia MD | BEAT Physical Therapy,Beat Physical Therapy is here to help you overcome past or recent injury. Contact us today at (410) 884-0003 for physical therapy in Columbia|| MD.,,00000000,Physical Therapy Services in Columbia MD  BEAT Physical Therapy. I have had about a dozen therapists and she is one of my favorites.
https://bio-fit.purewellness.info/,GetResponse - Landing Page Creator,,,00000000,Want to create landing pages that will bring more people to your business. Bring your idea to life with a. landing page builder.
https://blackmagichunter.com,Black magic Removal - HEALER NKUBA,Spiritual Healer Nkuba is renowned|| world Top expert in providing accurate astrological solutions and Black magic Removal for your life problems offers best astrology reading services in the field of Horoscope|| Future Predictions|| Astrological Solutions for Love Marriage and Relationship Problems|| Vashikaran|| Negative Energies and Black Magic Removal|| Kala Jadu to get rid of your personnel|| Financial|| Business and other problems in your life.,,00000000,Best Quality healing Services and black magic removal. Get spiritual energy to create a powerful energy shield to protect you from curses and hexes.
https://blueringtechnologies.com,Blue Ring Technologies – Product Design | Injection Molding | Prototype,,,Phone: 305-707-4251,Blue Ring Technologies  Product Design  Injection Molding  Prototype. What really do you get with Engineering and Prototype Drawing Services.
https://bodze.com,BÅdze - Plastic Surgery â¢ Wellness Center â¢ Medical Spa,,,00000000,"Here at bÅdze we have an award winning staff thats committed to providing exceptional results and the highest quality patient care, guaranteed. Weve paired the best providers in the business with industry leading technology to deliver the highest quality patient experience."
https://breecustomz.com/,BreeCustomz,Graphic T-Shirts || Hoodies|| Sweatshirts. Black Owned Business.,,00000000,"BreeCustomsz is a black owned customizable graphic tee shirt business. Share contact information, store details, and brand content with your customers."
https://broomsticker.co.uk/WallStickers,Wall Stickers | Wall Stickers Store  - UK shop with wall stickers|| wall decals,,,00000000,"Wall Stickers  Wall Stickers Store   UK shop with wall stickers, wall decals. All Rights Reserved Copyright Â Broomsticker.co.uk 20112020"
https://californiabirthcertificate.org/,California (CA) Birth Certificate | Order Online,Order official California Birth Certificates online fast and securely through CaliforniaBirthCertificate.org. Submit your online application to get started with your order.,,00000000,"California CA Birth Certificate  Order Online. Ordering a certified copy of a vital record has never been this quick and easy Instead of traveling to your local county recorder or filing through different forms, CaliforniaBirthCertificate.org makes it possible to order a certified copy of your birth certificate online from the comfort of your home or office within minutes."
https://californiacleanchemistry.com,Online shopping for Electronics & UV Products with free shipping,Great selection of Electronics & UV Products at affordable prices! Free shipping. 45 days money back guarantee. Friendly customer service.,Electronics|| Headphones|| Earphones|| Speakers|| Smart Watches|| Smart Watches Accessories|| Cables|| Adapters|| Chargers|| Home Electronics|| Wireless Gadgets|| Fitness Gadgets|| Sports Gadgets|| GoPro Style Cameras|| Smartphone Accessories|| Cases|| Covers|| Screen Protectors|| UV Disinfection Products|| Air Purifiers|| UV Wands|| UV Sterilization Bags|| UV Ozon Filters|| UV Sterilizers,00000000,"You will not regret the decision to buy from this online shop thanks to a rich selection of goods, affordable prices and outstanding customer service. Furthermore, dont forget to come back often to see our new offers and promotions The team is full of ideas and likes surprises."
https://chad-barker.pixels.com/,Chad Barker - Official Website,This is the website of Chad Barker.  Shop for canvas prints|| framed prints|| posters|| greeting cards|| and more.  Coming soon...,,00000000,Use code ABCXYZ at checkout for a special discount. Kirby Smart and Kelee Ringo by Chad Barker.
https://cliqkio.com/app/flat-belly-fix/,Cliqkio,app|| web app|| responsive|| admin dashboard|| admin|| flat|| flat ui|| ui kit|| off screen nav,,00000000,
https://commercialprinting.store,Sandys Business Center,Welcome to Sandy's Business Center Where Great Ideas Happen Our commercial printing shop provides comprehensive printing and copying services to help you streamline project management|| expedite production|| and facilitate a quality end product. From help designing your products to shipping services for them|| we do it all. We are your local business center,,00000000,"Our commercial printing shop provides comprehensive printing and copying services to help you streamline project management, expedite production, and facilitate a quality end product. From help designing your products to shipping services for them, we do it all."
https://computerrepairjacksonvilleflorida.com/,"Computer Repair Jacksonville Florida - We Make ""IT"" Simple",Abundant Computer Services|| LLC - We specialize in Computer Repair|| Networking|| Virus Removal and more! Call 904.371.3118 for Service Today.,computer repair jacksonville||computer repair jacksonville fl||computer repair jacksonville florida||computer repair near me||computer repair 32223||computer repair||computer repair 32257||computer virus removal jacksonville florida||computer virus removal||computer repair technician,00000000,Computer Repair Jacksonville Florida  We Make IT Simple. Is your computer acting up like a kid in a candy store Are you tired ofÂdealing with big box stores We are local and conveniently located.
https://computerrepairtampabay.com,#1 Tampa Bay Fast Computer Repair – Computer Doctors,Fast on-site computer repair services. Serving Tampa Bay 24/7 Desktop and Laptop Repair.,,00000000,"1 Tampa Bay Fast Computer Repair  Computer Doctors. Have been using them for about 2 years and will continue to do so again and again and again........ I hesitated recommending them because I was thinking that if everybody hired them, they would put me on the sidelines."
https://consistent-clothing.biz.site,Consistent Clothing,Clothing (Brand)|| Personal blog|| Beauty|| Cosmetic & Personal Care,Clothing (Brand)||Personal blog||Beauty|| Cosmetic & Personal Care,00000000,You need to enable JavaScript to run this app
https://contouree.com/,Contouree - Create Your Beautiful Custom Photo Cutouts,Contouree is on a mission to put smiles on faces. Our personalized products capture precious moments of everyday life. We connect your family and friends with joy. Whether itâs a gift or an addition to your home|| we help you to treasure those moments of your life. One smile at a time.,,00000000,Contouree  Create Your Beautiful Custom Photo Cutouts. Our unique way to remove the background of any images makes the story more vivid to tell.
https://cpandp.com/,Label Printer | Chemical Labels | Packaging and Printing,As a family-owned business with deep roots in the Upstate|| we have partnered with a number of businesses in a variety of industries - newspaper|| food & beverage|| chemical|| and industrial - to meet their unique packaging and print needs.,,00000000,"Unless you have a lot of unused space in your current facility which is rarely the case, you may have difficulty storing all of the labels you need going forward during production. If you have a current printing and packaging vendor, it most likely gives you a number of hoops for your people to jump through before it will accept the files for your labels."
https://dataray.com/,Laser Beam Profilers | DataRay Inc.,DataRay,,00000000,"Laser Beam Profilers  DataRay Inc. Beam Profiling Cameras. DataRay Inc. was founded in 1988 to bring highquality, affordable, and reliable instrumentation to the photonics industry."
https://dealsrhere.com/product-category/toys/,Toys Archives - Deals R Here,,,Phone: 1-(800)550-2196,Brand new 164 scale diecast car models of Auto Trucks 6 piece Set Release 64 IN DISPLAY CASES Limited Edition to 7250 pieces Worldwide die cast model cars by M2 Machines. Brand new 164 scale diecast car models of Auto Trucks 6 piece Set Release 66 IN DISPLAY CASES Limited Edition to 7250 pieces Worldwide die cast model cars by M2 Machines.
https://delectamentieats.com,Delectamenti Eats,,,00000000,Want fresh cut Microgreens grown locally. For contactless delivery we can place the order in your cooler.
https://diabetes-home.naturalway.site,Unauthorized Affiliate - error page,,,00000000,This site is no longer in service or has been disabled due to a terms of service violation. Copyright  Click Sales Inc.  1444 S. Entertainment Ave  Suite 410  Boise ID 83709
https://drmikepierquet.com,The Mini Implant Center Of Germantown|| WI - Mini Dental Implant Center,Dr Mike Pierquet's Mini Implant Center in Germantown|| WI provides easy|| affordable tooth replacement with mini dental implants.,,00000000,"The Mini Implant Center Of Germantown, WI  Mini Dental Implant Center. Â. The same way the old style conventional implants changed the game, mini dental implants are changing it again  but to a much greater degree."
https://expertcompression.com/shop/,500 Internal Server Error,,,00000000,"The server encountered an internal error ormisconfiguration and was unable to completeyour request. Please contact the server administrator at  webmasterexpertcompression.phoerafoundationcosmetics.com to inform them of the time this error occurred, and the actions you performed just before this error."
https://fashionfurniture.com,Fashion Furniture Rental: Rent Furniture That's Modern|| Affordable|| Fast,We provide a sense of home. Easily rent furniture|| home goods|| and decor online and we'll handle the rest. Superior service guaranteed!,,00000000,"Fashion Furniture Rental Rent Furniture Thats Modern, Affordable, Fast. If you need your items for less than 3 months, we can pick them up sooner, however, we will still need to process payment for at least 3 months."
https://franciscoramospart.wixsite.com/florblanca,Home | Florblanca,,,00000000,"Use tab to navigate through the menu items. Viernes,Domingos,Martes 5pm a 6pm 2x1 Miercoles i Jueves CUBETA A SOLO 20dls."
https://frannys-farmacy-augusta.business.site,Frannys Farmacy Augusta CBD - Cannabis Store in Evans,,,00000000,"Frannys Farmacy Augusta CBD  Cannabis Store in Evans. Expanding from one Asheville, NC location to nearly a dozen dispensaries across North Carolina, Georgia, South Carolina, and Connecticut â with many more on the way for 2022 to include AugustaEvans GA."
https://frishay.com,FRISHAY Â® Where You Can Buy Securely ! -,With best online shopping experience|| Frishay is designed for our Worldwide customers needs. Get the latest products with great discounts.,,Phone Makeup Youtube Tiktok,May you also like Golf men professional sports shoes. Women Golf clubs set HONMA Golf Club HONMA BEZEAL 525 Golf Complete Set with wood putter Head Cover No Bag Free Shipping.
https://gent-construction.biz.site/,Gent Construction,Over twenty years experience|| fully insured. Check out some of our pictures! We can create your dream deck or porch! ,Construction Company||Contractor,00000000,You need to enable JavaScript to run this app
https://get-some-outdoors-again.biz.site,Get Some Outdoors Again,A place to get geared up for your outdoor activates made easy|| just one click and your on your way!,Outdoor Activity Organizer||Childrens Outdoor Activities||Outdoor Clothing Equipment Shop,00000000,You need to enable JavaScript to run this app
https://getglucotrust.com/?hop=jrhodes8,Home,,,00000000,"And on top of all of that, each capsule contains a blend of 15 herbs that regulate your bodys natural hormonal balance and allow this whole biochemical process to run smoothly. Because when you order any amount of GlucoTrust todayone bottle, three bottles or sixyoure covered by a 100 money back guarantee good for 180 days."
https://go-belly-fat.doctornewage.club,Unauthorized Affiliate - error page,,,00000000,This site is no longer in service or has been disabled due to a terms of service violation. Copyright  Click Sales Inc.  1444 S. Entertainment Ave  Suite 410  Boise ID 83709
https://gspresson.com,Good Samaritan Press On Apparel graphic t-shirts|| expression tees for all events,"Good Samaritan Press on Apparel provide graphic t-shirts|| expression tees and apparel for events and everyday wear. We can do simple custom designs on apparel and accessories such as totes. In addition|| we strive to bring awareness to the work and volunteer needs of charitable organizations. 


",,00000000,"Good Samaritan Press On Apparel graphic tshirts, expression tees for all events. Use tab to navigate through the menu items."
https://haircareandbeauty.com/,Hair Care & Beauty,We are a family owned business|| specializing in Hair Care|| Health and Beauty merchandise at incredibly low prices. Hard to find and discontinued items are our specialty. we sell top Brands as Tigi|| KMS|| L'Oreal|| Sexy Hair|| Joico|| Redken|| Sebastian|| Kenra|| Nioxin|| Matrix|| Deva|| Goldwell|| Paul Mitch and more,,00000000,"We are an online retailer of high end and salon grade hair and beauty products. We specialize in discontinued items, reuniting loyal customers with the products they love."
https://hakuna-supply.biz.site/,Hakuna Supply,Hakuna Supply is a lifestyle brand offering lifestyle storage|| trays|| and accessories. Our goal is to keep your herbs fresh and your area clean and secure.,Product/service||Retail Company||Accessories,00000000,You need to enable JavaScript to run this app
https://hathawayholland.com,Bankruptcy Criminal Defense Lawyer | Hathaway Holland Law Firm | Bellingham,,,00000000,"Bankruptcy Criminal Defense Lawyer  Hathaway Holland Law Firm  Bellingham. Thanks to Steven, I was able to save my home from foreclosure."
https://healthy-paw-life.myshopify.com/,American Express,Healthy Paw Life is a fun-loving custom pet goods brand. Our ultimate goal is to bring you products that make your pet's life simpler|| easier|| more efficient|| and happier. We offer quality products at best price deals.,,00000000,"We believe the relationship with our pets is one of the most important bonds we have in life, and that a better understanding of our petsâ health is critical to strengthening that connection. Unsure of whatâs causing your petâs skin problem Our antifungal and antibacterial medicated shampoo with lime sulfur has been proven effective for nonspecific dermatoses."
https://heritage-law.com,Please Wait... | Cloudflare,,,00000000,"Please stand by, while we are checking your browser. Completing the CAPTCHA proves you are a human and gives you temporary access to the web property."
https://http-www-soselfish-com.biz.site,Doubles wss,Stock Broker|| Biotechnology Company|| Beauty Products Wholesaler|| Lottery Retailer,Stock Broker||Biotechnology Company||Beauty Products Wholesaler||Lottery Retailer,00000000,You need to enable JavaScript to run this app
https://ibexeng.net,404 Not Found,,,00000000,"The requested URL  was not found on this server. Additionally, a 404 Not Founderror was encountered while trying to use an ErrorDocument to handle the request"
https://ignitethecourt.com,Tennis Lessons | Ignite Tennis Academy | Burlingame | San Mateo |,Our vision is toÂ ignite a love for tennis and provide the best opportunity for students to excel. We our classes fun and dynamic while focused on learning specific techniques|| and have the lowest student/coach ratio in the area!,Be|| The|| Best|| In|| Game,00000000,Tennis Lessons  Ignite Tennis Academy  Burlingame  San Mateo . He started Ignite Tennis Academy in 2019 with the goal of providing the community with exceptional tennis programs that emphasize character development.
